vinegar,
risotto,
lasagna,
baguette,
tortilla,
frittata,
guacamole,
sourdough,
macaroni,
soysauce,
yogurt,
coleslaw,
brioche,
spaghetti,
sourcream,
mayonnaise,
tortellini,
fettuccine,
tagliatelle,
peanutbutter,
vinegar,
risotto,
lasagna,
baguette,
tortilla,
frittata,
guacamole,
sourdough,
macaroni,
soysauce,
yogurt,
coleslaw,
brioche,
spaghetti,
sourcream,
mayonnaise,
tortellini,
fettuccine,
tagliatelle,
peanutbutter,
vinegar,
risotto,
lasagna,
baguette,
tortilla,
frittata,
guacamole,
sourdough,
macaroni,
soysauce,
yogurt,
coleslaw,
brioche,
spaghetti,
sourcream,
mayonnaise,
tortellini,
fettuccine,
tagliatelle,
peanutbutter,