battery,
umbrella,
spatula,
deodorant,
microwave,
toothbrush,
dishwasher,
toolbox,
monitor,
television,
lightbulb,
freezer,
screwdriver,
flashlight,
sunglasses,
headphones,
airconditioner,
trashcan,
creditcard,
toothpaste,
battery,
umbrella,
spatula,
deodorant,
microwave,
toothbrush,
dishwasher,
toolbox,
monitor,
television,
lightbulb,
freezer,
screwdriver,
flashlight,
sunglasses,
headphones,
airconditioner,
trashcan,
creditcard,
toothpaste,
battery,
umbrella,
spatula,
deodorant,
microwave,
toothbrush,
dishwasher,
toolbox,
monitor,
television,
lightbulb,
freezer,
screwdriver,
flashlight,
sunglasses,
headphones,
airconditioner,
trashcan,
creditcard,
toothpaste,