basketball,
volleyball,
motocross,
table tennis,
icehockey,
boomerang,
equestrian,
wrestling,
gymnastics,
snowboarding,
orienteering,
racquetball,
kitesurfing,
wakeboarding,
sepaktakraw,
cheerleading,
slacklining,
rollerskating,
weightlifting,
bodybuilding,
basketball,
volleyball,
motocross,
table tennis,
icehockey,
boomerang,
equestrian,
wrestling,
gymnastics,
snowboarding,
orienteering,
racquetball,
kitesurfing,
wakeboarding,
sepaktakraw,
cheerleading,
slacklining,
rollerskating,
weightlifting,
bodybuilding,
basketball,
volleyball,
motocross,
table tennis,
icehockey,
boomerang,
equestrian,
wrestling,
gymnastics,
snowboarding,
orienteering,
racquetball,
kitesurfing,
wakeboarding,
sepaktakraw,
cheerleading,
slacklining,
rollerskating,
weightlifting,
bodybuilding,
