spinach,
broccoli,
turnip,
celery,
wasabi,
jalapeno,
tamarillo,
tabasco,
parsley,
escarole,
cucumber,
galangal,
lettuce,
parsnip,
peppers,
shallot,
arugula,
radicchio,
asparagus,
zucchini,
spinach,
broccoli,
turnip,
celery,
wasabi,
jalapeno,
tamarillo,
tabasco,
parsley,
escarole,
cucumber,
galangal,
lettuce,
parsnip,
peppers,
shallot,
arugula,
radicchio,
asparagus,
zucchini,
spinach,
broccoli,
turnip,
celery,
wasabi,
jalapeno,
tamarillo,
tabasco,
parsley,
escarole,
cucumber,
galangal,
lettuce,
parsnip,
peppers,
shallot,
arugula,
radicchio,
asparagus,
zucchini,