uuu mmm jjj uuu mmm jjj uuu ,
mmm jjj uuu mmm jjj uuu mmm ,
jjj uuu mmm jjj uuu mmm jjj ,
jujm jujm jujm jujm jujm ,
jujm jujm jujm jujm jujm jujm ,
mjuj mjuj mjuj mjuj mjuj ,
mjuj mjuj mjuj mjuj mjuj mjuj ,
"iii ,,, kkk iii ,,, kkk iii" ,
",,, kkk iii ,,, kkk iii ,,," ,
"kkk iii ,,, kkk iii ,,, kkk" ,
"kik, kik, kik, kik, kik, kik," ,
"kik, kik, kik, kik, kik," ,
",kik ,kik ,kik ,kik ,kik ,kik" , 
",kik ,kik ,kik ,kik ,kik" ,
ooo ... lll ooo ... lll ooo ,
... lll ooo ... lll ooo ... ,
lll ooo ... lll ooo ... lll ,
lol. lol. lol. lol. lol. lol. ,
lol. lol. lol. lol. lol. lol. lol. ,
.lol .lol .lol .lol .lol .lol ,
.lol .lol .lol .lol .lol .lol .lol ,
ppp /// ;;; ppp /// ;;; ppp ,
/// ;;; ppp /// ;;; ppp /// ,
;;; ppp /// ;;; ppp /// ;;; ,
;p;/ ;p;/ ;p;/ ;p;/ ;p;/ ;p;/ 
;p;/ ;p;/ ;p;/ ;p;/ ;p;/ ;p;/ ;p;/
/;p; /;p; /;p; /;p; /;p; /;p; 
/;p; /;p; /;p; /;p; /;p; /;p; /;p;
yyy nnn hhh yyy nnn hhh yyy ,
nnn hhh yyy nnn hhh yyy nnn ,
hhh yyy nnn hhh yyy nnn hhh ,
hyhn hyhn hyhn hyhn hyhn ,
hyhn hyhn hyhn hyhn hyhn hyhn ,
nhyh nhyh nhyh nhyh nhyh ,
nhyh nhyh nhyh nhyh hyhn hyhn ,
";p;/ lol. kik, jujm hyhn ;p;/" ,
"lol. kik, jujm hyhn ;p;/" ,
aqaz swsx dedc frfv gtgb ;p;/ , 
"lol. kik, jujm hyhn ;p;/" ,
aqaz swsx dedc frfv gtgb ,
";p;/ lol. kik, jujm hyhn" ,
";p;/ lol. kik, jujm hyhn ;p;/" ,
"lol. kik, jujm hyhn ;p;/" ,
aqaz swsx dedc frfv gtgb ;p;/ , 
"lol. kik, jujm hyhn" ,
";p;/ lol. kik, jujm hyhn ;p;/" , 
"lol. kik, jujm hyhn ;p;/" ,
